org.apache.commons.lang3.math.NumberUtils,@Test(timeout = 4000)
public void test05858() throws Throwable {
    BigInteger bigInteger0 = NumberUtils.createBigInteger(""1"");
    bigInteger0.shortValue();
},ERROR,java.nio.file.NoSuchFileException,/home/star_usit_group/tratto/experiment/generator/resources/defects4j/temp/Lang_1b/src/main/java/java/lang/Number.java
org.apache.commons.lang3.math.NumberUtils,@Test(timeout = 4000)
public void test05959() throws Throwable {
    BigDecimal bigDecimal0 = NumberUtils.createBigDecimal(""3"");
    bigDecimal0.byteValue();
},ERROR,java.nio.file.NoSuchFileException,/home/star_usit_group/tratto/experiment/generator/resources/defects4j/temp/Lang_1b/src/main/java/java/lang/Number.java
org.apache.commons.lang3.math.NumberUtils,@Test(timeout = 4000)
public void test151151() throws Throwable {
    BigInteger bigInteger0 = NumberUtils.createBigInteger(""0"");
    bigInteger0.byteValue();
},ERROR,java.nio.file.NoSuchFileException,/home/star_usit_group/tratto/experiment/generator/resources/defects4j/temp/Lang_1b/src/main/java/java/lang/Number.java
