com.fasterxml.jackson.databind.ser.std.BeanSerializerBase,@Test(timeout = 4000)
public void test000() throws Throwable {
    SimpleType simpleType0 = (SimpleType) MapSerializer.UNSPECIFIED_TYPE;
    BeanPropertyWriter[] beanPropertyWriterArray0 = new BeanPropertyWriter[9];
    BeanSerializer beanSerializer0 = new BeanSerializer(simpleType0, (BeanSerializerBuilder) null, beanPropertyWriterArray0, beanPropertyWriterArray0);
    NameTransformer nameTransformer0 = NameTransformer.NOP;
    NameTransformer nameTransformer1 = NameTransformer.chainedTransformer(nameTransformer0, nameTransformer0);
    JsonSerializer<Object> jsonSerializer0 = beanSerializer0.unwrappingSerializer(nameTransformer1);
    jsonSerializer0.usesObjectId();
},WARNING,java.lang.IllegalStateException,[WARNING] - The last statement of the test is part of another class with respect to the class under test. Check if the focal method is correct.
com.fasterxml.jackson.databind.ser.std.BeanSerializerBase,@Test(timeout = 4000)
public void test011() throws Throwable {
    SimpleType simpleType0 = (SimpleType) MapSerializer.UNSPECIFIED_TYPE;
    BeanSerializer beanSerializer0 = BeanSerializer.createDummy(simpleType0);
    JsonSerializer<Object> jsonSerializer0 = beanSerializer0.unwrappingSerializer((NameTransformer) null);
    jsonSerializer0.usesObjectId();
},WARNING,java.lang.IllegalStateException,[WARNING] - The last statement of the test is part of another class with respect to the class under test. Check if the focal method is correct.
com.fasterxml.jackson.databind.ser.std.BeanSerializerBase,@Test(timeout = 4000)
public void test022() throws Throwable {
    SimpleType simpleType0 = (SimpleType) MapSerializer.UNSPECIFIED_TYPE;
    BeanPropertyWriter[] beanPropertyWriterArray0 = new BeanPropertyWriter[9];
    BeanSerializer beanSerializer0 = new BeanSerializer(simpleType0, (BeanSerializerBuilder) null, beanPropertyWriterArray0, beanPropertyWriterArray0);
    JsonSerializer<Object> jsonSerializer0 = beanSerializer0.unwrappingSerializer((NameTransformer) null);
    jsonSerializer0.isUnwrappingSerializer();
},WARNING,java.lang.IllegalStateException,[WARNING] - The last statement of the test is part of another class with respect to the class under test. Check if the focal method is correct.
com.fasterxml.jackson.databind.ser.std.BeanSerializerBase,@Test(timeout = 4000)
public void test033() throws Throwable {
    SimpleType simpleType0 = (SimpleType) MapSerializer.UNSPECIFIED_TYPE;
    BeanPropertyWriter[] beanPropertyWriterArray0 = new BeanPropertyWriter[9];
    BeanSerializer beanSerializer0 = new BeanSerializer(simpleType0, (BeanSerializerBuilder) null, beanPropertyWriterArray0, beanPropertyWriterArray0);
    NameTransformer nameTransformer0 = NameTransformer.NOP;
    JsonSerializer<Object> jsonSerializer0 = beanSerializer0.unwrappingSerializer(nameTransformer0);
    jsonSerializer0.usesObjectId();
},WARNING,java.lang.IllegalStateException,[WARNING] - The last statement of the test is part of another class with respect to the class under test. Check if the focal method is correct.
com.fasterxml.jackson.databind.ser.std.BeanSerializerBase,@Test(timeout = 4000)
public void test055() throws Throwable {
    ObjectMapper objectMapper0 = new ObjectMapper();
    DeserializationFeature deserializationFeature0 = DeserializationFeature.EAGER_DESERIALIZER_FETCH;
    JsonInclude.Include jsonInclude_Include0 = JsonInclude.Include.NON_EMPTY;
    objectMapper0.setSerializationInclusion(jsonInclude_Include0);
    ObjectReader objectReader0 = objectMapper0.reader(deserializationFeature0);
    Class<SettableBeanProperty> class0 = SettableBeanProperty.class;
    objectMapper0.convertValue((Object) objectReader0, class0);
},WARNING,java.lang.IllegalStateException,[WARNING] - The last statement of the test is part of another class with respect to the class under test. Check if the focal method is correct.
com.fasterxml.jackson.databind.ser.std.BeanSerializerBase,@Test(timeout = 4000)
public void test055() throws Throwable {
    ObjectMapper objectMapper0 = new ObjectMapper();
    DeserializationFeature deserializationFeature0 = DeserializationFeature.EAGER_DESERIALIZER_FETCH;
    JsonInclude.Include jsonInclude_Include0 = JsonInclude.Include.NON_EMPTY;
    objectMapper0.setSerializationInclusion(jsonInclude_Include0);
    ObjectReader objectReader0 = objectMapper0.reader(deserializationFeature0);
    Class<SettableBeanProperty> class0 = SettableBeanProperty.class;
    objectMapper0.convertValue((Object) objectReader0, class0);
},ERROR,java.util.NoSuchElementException,[ERROR] - Multiple candidate methods/constructors found. Impossible to discern the focal method.
com.fasterxml.jackson.databind.ser.std.BeanSerializerBase,@Test(timeout = 4000)
public void test066() throws Throwable {
    BeanSerializerBuilder beanSerializerBuilder0 = new BeanSerializerBuilder((BeanDescription) null);
    ObjectMapper objectMapper0 = new ObjectMapper();
    ObjectMapper.DefaultTyping objectMapper_DefaultTyping0 = ObjectMapper.DefaultTyping.OBJECT_AND_NON_CONCRETE;
    objectMapper0.enableDefaultTypingAsProperty(objectMapper_DefaultTyping0, ""dHf-,14`G6vKR]3"");
    Class<SettableBeanProperty> class0 = SettableBeanProperty.class;
    objectMapper0.convertValue((Object) beanSerializerBuilder0, class0);
},WARNING,java.lang.IllegalStateException,[WARNING] - The last statement of the test is part of another class with respect to the class under test. Check if the focal method is correct.
com.fasterxml.jackson.databind.ser.std.BeanSerializerBase,@Test(timeout = 4000)
public void test066() throws Throwable {
    BeanSerializerBuilder beanSerializerBuilder0 = new BeanSerializerBuilder((BeanDescription) null);
    ObjectMapper objectMapper0 = new ObjectMapper();
    ObjectMapper.DefaultTyping objectMapper_DefaultTyping0 = ObjectMapper.DefaultTyping.OBJECT_AND_NON_CONCRETE;
    objectMapper0.enableDefaultTypingAsProperty(objectMapper_DefaultTyping0, ""dHf-,14`G6vKR]3"");
    Class<SettableBeanProperty> class0 = SettableBeanProperty.class;
    objectMapper0.convertValue((Object) beanSerializerBuilder0, class0);
},ERROR,java.util.NoSuchElementException,[ERROR] - Multiple candidate methods/constructors found. Impossible to discern the focal method.
com.fasterxml.jackson.databind.ser.std.BeanSerializerBase,@Test(timeout = 4000)
public void test099() throws Throwable {
    ObjectMapper objectMapper0 = new ObjectMapper();
    DeserializationFeature deserializationFeature0 = DeserializationFeature.EAGER_DESERIALIZER_FETCH;
    ObjectMapper.DefaultTyping objectMapper_DefaultTyping0 = ObjectMapper.DefaultTyping.NON_FINAL;
    objectMapper0.enableDefaultTypingAsProperty(objectMapper_DefaultTyping0, ""M"");
    ObjectReader objectReader0 = objectMapper0.reader(deserializationFeature0);
    Class<SettableBeanProperty> class0 = SettableBeanProperty.class;
    objectMapper0.convertValue((Object) objectReader0, class0);
},WARNING,java.lang.IllegalStateException,[WARNING] - The last statement of the test is part of another class with respect to the class under test. Check if the focal method is correct.
com.fasterxml.jackson.databind.ser.std.BeanSerializerBase,@Test(timeout = 4000)
public void test099() throws Throwable {
    ObjectMapper objectMapper0 = new ObjectMapper();
    DeserializationFeature deserializationFeature0 = DeserializationFeature.EAGER_DESERIALIZER_FETCH;
    ObjectMapper.DefaultTyping objectMapper_DefaultTyping0 = ObjectMapper.DefaultTyping.NON_FINAL;
    objectMapper0.enableDefaultTypingAsProperty(objectMapper_DefaultTyping0, ""M"");
    ObjectReader objectReader0 = objectMapper0.reader(deserializationFeature0);
    Class<SettableBeanProperty> class0 = SettableBeanProperty.class;
    objectMapper0.convertValue((Object) objectReader0, class0);
},ERROR,java.util.NoSuchElementException,[ERROR] - Multiple candidate methods/constructors found. Impossible to discern the focal method.
com.fasterxml.jackson.databind.ser.std.BeanSerializerBase,@Test(timeout = 4000)
public void test1010() throws Throwable {
    SimpleType simpleType0 = (SimpleType) MapSerializer.UNSPECIFIED_TYPE;
    POJOPropertiesCollector pOJOPropertiesCollector0 = mock(POJOPropertiesCollector.class, new ViolatedAssumptionAnswer());
    doReturn((AnnotatedMethod) null).when(pOJOPropertiesCollector0).getAnySetterMethod();
    doReturn((AnnotatedClass) null).when(pOJOPropertiesCollector0).getClassDef();
    doReturn((MapperConfig) null).when(pOJOPropertiesCollector0).getConfig();
    doReturn((Set) null).when(pOJOPropertiesCollector0).getIgnoredPropertyNames();
    doReturn((Map) null).when(pOJOPropertiesCollector0).getInjectables();
    doReturn((AnnotatedMethod) null).when(pOJOPropertiesCollector0).getJsonValueMethod();
    doReturn((ObjectIdInfo) null).when(pOJOPropertiesCollector0).getObjectIdInfo();
    doReturn((List) null).when(pOJOPropertiesCollector0).getProperties();
    doReturn((JavaType) null).when(pOJOPropertiesCollector0).getType();
    BasicBeanDescription basicBeanDescription0 = BasicBeanDescription.forDeserialization(pOJOPropertiesCollector0);
    BeanSerializerBuilder beanSerializerBuilder0 = new BeanSerializerBuilder(basicBeanDescription0);
    ObjectIdWriter objectIdWriter0 = ObjectIdWriter.construct((JavaType) simpleType0, (PropertyName) null, (ObjectIdGenerator<?>) null, false);
    beanSerializerBuilder0.setObjectIdWriter(objectIdWriter0);
    BeanSerializer beanSerializer0 = new BeanSerializer(objectIdWriter0.idType, beanSerializerBuilder0, (BeanPropertyWriter[]) null, (BeanPropertyWriter[]) null);
    DefaultSerializerProvider.Impl defaultSerializerProvider_Impl0 = new DefaultSerializerProvider.Impl();
    beanSerializer0.serializeWithType((Object) null, (JsonGenerator) null, defaultSerializerProvider_Impl0, (TypeSerializer) null);
},WARNING,java.lang.IllegalStateException,[WARNING] - The last statement of the test is part of another class with respect to the class under test. Check if the focal method is correct.
com.fasterxml.jackson.databind.ser.std.BeanSerializerBase,@Test(timeout = 4000)
public void test1111() throws Throwable {
    SimpleType simpleType0 = (SimpleType) MapSerializer.UNSPECIFIED_TYPE;
    BeanSerializer beanSerializer0 = BeanSerializer.createDummy(simpleType0);
    TypeFactory typeFactory0 = TypeFactory.defaultInstance();
    ClassNameIdResolver classNameIdResolver0 = new ClassNameIdResolver(simpleType0, typeFactory0);
    AsExistingPropertyTypeSerializer asExistingPropertyTypeSerializer0 = new AsExistingPropertyTypeSerializer(classNameIdResolver0, (BeanProperty) null, ""4;3Hlh@7!7'BR!Bd)Z"");
    BufferRecycler bufferRecycler0 = new BufferRecycler();
    IOContext iOContext0 = new IOContext(bufferRecycler0, classNameIdResolver0, true);
    ByteArrayOutputStream byteArrayOutputStream0 = new ByteArrayOutputStream();
    UTF8JsonGenerator uTF8JsonGenerator0 = new UTF8JsonGenerator(iOContext0, 1, (ObjectCodec) null, byteArrayOutputStream0);
    DefaultSerializerProvider.Impl defaultSerializerProvider_Impl0 = new DefaultSerializerProvider.Impl();
    beanSerializer0.serializeWithType(uTF8JsonGenerator0, uTF8JsonGenerator0, defaultSerializerProvider_Impl0, asExistingPropertyTypeSerializer0);
    uTF8JsonGenerator0.getFeatureMask();
},ERROR,java.nio.file.NoSuchFileException,/home/star_usit_group/tratto/experiment/generator/resources/defects4j/temp/JacksonDatabind_15b/src/main/java/com/fasterxml/jackson/core/base/GeneratorBase.java
com.fasterxml.jackson.databind.ser.std.BeanSerializerBase,@Test(timeout = 4000)
public void test1212() throws Throwable {
    SimpleType simpleType0 = (SimpleType) MapSerializer.UNSPECIFIED_TYPE;
    JsonFactory jsonFactory0 = new JsonFactory();
    ByteArrayBuilder byteArrayBuilder0 = new ByteArrayBuilder();
    JsonEncoding jsonEncoding0 = JsonEncoding.UTF8;
    JsonGenerator jsonGenerator0 = jsonFactory0.createGenerator((OutputStream) byteArrayBuilder0, jsonEncoding0);
    DefaultSerializerProvider.Impl defaultSerializerProvider_Impl0 = new DefaultSerializerProvider.Impl();
    BeanPropertyWriter[] beanPropertyWriterArray0 = new BeanPropertyWriter[9];
    BeanSerializer beanSerializer0 = new BeanSerializer(simpleType0, (BeanSerializerBuilder) null, beanPropertyWriterArray0, beanPropertyWriterArray0);
    beanSerializer0.serialize(jsonEncoding0, jsonGenerator0, defaultSerializerProvider_Impl0);
    jsonGenerator0.canWriteTypeId();
},ERROR,java.nio.file.NoSuchFileException,/home/star_usit_group/tratto/experiment/generator/resources/defects4j/temp/JacksonDatabind_15b/src/main/java/com/fasterxml/jackson/core/JsonGenerator.java
com.fasterxml.jackson.databind.ser.std.BeanSerializerBase,@Test(timeout = 4000)
public void test1616() throws Throwable {
    SimpleType simpleType0 = (SimpleType) MapSerializer.UNSPECIFIED_TYPE;
    BeanSerializer beanSerializer0 = BeanSerializer.createDummy(simpleType0);
    DefaultSerializerProvider.Impl defaultSerializerProvider_Impl0 = new DefaultSerializerProvider.Impl();
    JsonNode jsonNode0 = beanSerializer0.getSchema((SerializerProvider) defaultSerializerProvider_Impl0, (Type) simpleType0);
    jsonNode0.size();
},WARNING,java.lang.IllegalStateException,[WARNING] - The last statement of the test is part of another class with respect to the class under test. Check if the focal method is correct.
com.fasterxml.jackson.databind.ser.std.BeanSerializerBase,@Test(timeout = 4000)
public void test1717() throws Throwable {
    SimpleType simpleType0 = (SimpleType) MapSerializer.UNSPECIFIED_TYPE;
    BeanSerializer beanSerializer0 = BeanSerializer.createDummy(simpleType0);
    JsonFormatVisitorWrapper.Base jsonFormatVisitorWrapper_Base0 = new JsonFormatVisitorWrapper.Base();
    beanSerializer0.acceptJsonFormatVisitor(jsonFormatVisitorWrapper_Base0, simpleType0);
    simpleType0.isCollectionLikeType();
},WARNING,java.lang.IllegalStateException,[WARNING] - The last statement of the test is part of another class with respect to the class under test. Check if the focal method is correct.
com.fasterxml.jackson.databind.ser.std.BeanSerializerBase,@Test(timeout = 4000)
public void test1818() throws Throwable {
    SimpleType simpleType0 = (SimpleType) MapSerializer.UNSPECIFIED_TYPE;
    BeanSerializer beanSerializer0 = BeanSerializer.createDummy(simpleType0);
    beanSerializer0.acceptJsonFormatVisitor((JsonFormatVisitorWrapper) null, simpleType0);
    beanSerializer0.isUnwrappingSerializer();
},WARNING,java.lang.IllegalStateException,[WARNING] - The last statement of the test is part of another class with respect to the class under test. Check if the focal method is correct.
