com.fasterxml.jackson.databind.DeserializationContext,@Test(timeout = 4000)
public void test000() throws Throwable {
    ObjectMapper objectMapper0 = new ObjectMapper();
    ObjectReader objectReader0 = objectMapper0.reader();
    BooleanNode booleanNode0 = BooleanNode.getTrue();
    Class<ResolvedRecursiveType> class0 = ResolvedRecursiveType.class;
    objectReader0.treeToValue((TreeNode) booleanNode0, class0);
},WARNING,java.lang.IllegalStateException,[WARNING] - The last statement of the test is part of another class with respect to the class under test. Check if the focal method is correct.
com.fasterxml.jackson.databind.DeserializationContext,@Test(timeout = 4000)
public void test044() throws Throwable {
    JsonFactory jsonFactory0 = new JsonFactory();
    ObjectMapper objectMapper0 = new ObjectMapper(jsonFactory0);
    ObjectMapper objectMapper1 = new ObjectMapper(objectMapper0);
    objectMapper1.mixInCount();
},WARNING,java.lang.IllegalStateException,[WARNING] - The last statement of the test is part of another class with respect to the class under test. Check if the focal method is correct.
com.fasterxml.jackson.databind.DeserializationContext,@Test(timeout = 4000)
public void test055() throws Throwable {
    ObjectMapper objectMapper0 = new ObjectMapper();
    Class<BuilderBasedDeserializer> class0 = BuilderBasedDeserializer.class;
    ObjectReader objectReader0 = objectMapper0.readerFor(class0);
    JsonFactory jsonFactory0 = new JsonFactory();
    JsonParser jsonParser0 = jsonFactory0.createParser(""JSON"");
    DefaultDeserializationContext defaultDeserializationContext0 = objectReader0.createDeserializationContext(jsonParser0);
    JsonToken jsonToken0 = JsonToken.NOT_AVAILABLE;
    Object[] objectArray0 = new Object[3];
    defaultDeserializationContext0.reportWrongTokenException(jsonParser0, jsonToken0, ""JSON"", objectArray0);
},WARNING,java.lang.IllegalStateException,[WARNING] - Some parameters are not matched in the method call. Check if it is a false or true positive.
com.fasterxml.jackson.databind.DeserializationContext,@Test(timeout = 4000)
public void test077() throws Throwable {
    ObjectMapper objectMapper0 = new ObjectMapper();
    DeserializationFeature deserializationFeature0 = DeserializationFeature.FAIL_ON_MISSING_CREATOR_PROPERTIES;
    ObjectReader objectReader0 = objectMapper0.reader(deserializationFeature0);
    byte[] byteArray0 = new byte[0];
    objectReader0.readValue(byteArray0);
},WARNING,java.lang.IllegalStateException,[WARNING] - The last statement of the test is part of another class with respect to the class under test. Check if the focal method is correct.
com.fasterxml.jackson.databind.DeserializationContext,@Test(timeout = 4000)
public void test099() throws Throwable {
    BeanDeserializerFactory beanDeserializerFactory0 = BeanDeserializerFactory.instance;
    DefaultDeserializationContext.Impl defaultDeserializationContext_Impl0 = new DefaultDeserializationContext.Impl(beanDeserializerFactory0);
    Class<AbstractDeserializer> class0 = AbstractDeserializer.class;
    defaultDeserializationContext_Impl0.mappingException(class0);
},ERROR,java.util.NoSuchElementException,[ERROR] - Multiple candidate methods/constructors found. Impossible to discern the focal method.
com.fasterxml.jackson.databind.DeserializationContext,@Test(timeout = 4000)
public void test1111() throws Throwable {
    BeanDeserializerFactory beanDeserializerFactory0 = BeanDeserializerFactory.instance;
    DefaultDeserializationContext.Impl defaultDeserializationContext_Impl0 = new DefaultDeserializationContext.Impl(beanDeserializerFactory0);
    Object[] objectArray0 = new Object[3];
    defaultDeserializationContext_Impl0.reportInputMismatch((JsonDeserializer<?>) null, ""g1?Mo7~E'k@B"", objectArray0);
},WARNING,java.lang.IllegalStateException,[WARNING] - Some parameters are not matched in the method call. Check if it is a false or true positive.
com.fasterxml.jackson.databind.DeserializationContext,@Test(timeout = 4000)
public void test1313() throws Throwable {
    BeanDeserializerFactory beanDeserializerFactory0 = BeanDeserializerFactory.instance;
    DefaultDeserializationContext.Impl defaultDeserializationContext_Impl0 = new DefaultDeserializationContext.Impl(beanDeserializerFactory0);
    JsonToken jsonToken0 = JsonToken.VALUE_NULL;
    Object[] objectArray0 = new Object[0];
    defaultDeserializationContext_Impl0.reportWrongTokenException((JavaType) null, jsonToken0, (String) null, objectArray0);
},WARNING,java.lang.IllegalStateException,[WARNING] - Some parameters are not matched in the method call. Check if it is a false or true positive.
com.fasterxml.jackson.databind.DeserializationContext,@Test(timeout = 4000)
public void test1414() throws Throwable {
    ObjectMapper objectMapper0 = new ObjectMapper();
    DeserializationContext deserializationContext0 = objectMapper0.getDeserializationContext();
    deserializationContext0.mappingException(""Cannot deserialize value of type %s from native value (`JsonToken.VALUE_EMBEDDED_OBJECT`) of type %s: incompatible types"", (Object[]) null);
},WARNING,java.lang.IllegalStateException,[WARNING] - Some parameters are not matched in the method call. Check if it is a false or true positive.
com.fasterxml.jackson.databind.DeserializationContext,@Test(timeout = 4000)
public void test1717() throws Throwable {
    BeanDeserializerFactory beanDeserializerFactory0 = BeanDeserializerFactory.instance;
    DefaultDeserializationContext.Impl defaultDeserializationContext_Impl0 = new DefaultDeserializationContext.Impl(beanDeserializerFactory0);
    JsonToken jsonToken0 = JsonToken.VALUE_EMBEDDED_OBJECT;
    Object[] objectArray0 = new Object[4];
    defaultDeserializationContext_Impl0.reportWrongTokenException((JsonDeserializer<?>) null, jsonToken0, ""EE@Joj"", objectArray0);
},WARNING,java.lang.IllegalStateException,[WARNING] - Some parameters are not matched in the method call. Check if it is a false or true positive.
com.fasterxml.jackson.databind.DeserializationContext,@Test(timeout = 4000)
public void test2020() throws Throwable {
    BeanDeserializerFactory beanDeserializerFactory0 = BeanDeserializerFactory.instance;
    DefaultDeserializationContext.Impl defaultDeserializationContext_Impl0 = new DefaultDeserializationContext.Impl(beanDeserializerFactory0);
    Class<String> class0 = String.class;
    defaultDeserializationContext_Impl0.readValue((JsonParser) null, class0);
},ERROR,java.util.NoSuchElementException,[ERROR] - Multiple candidate methods/constructors found. Impossible to discern the focal method.
com.fasterxml.jackson.databind.DeserializationContext,@Test(timeout = 4000)
public void test2222() throws Throwable {
    ValueInstantiators.Base valueInstantiators_Base0 = new ValueInstantiators.Base();
    ObjectMapper objectMapper0 = new ObjectMapper();
    ArrayNode arrayNode0 = objectMapper0.createArrayNode();
    JsonParser jsonParser0 = arrayNode0.traverse((ObjectCodec) objectMapper0);
    ObjectReader objectReader0 = objectMapper0.readerForUpdating(valueInstantiators_Base0);
    DefaultDeserializationContext defaultDeserializationContext0 = objectReader0.createDeserializationContext(jsonParser0);
    BeanProperty.Bogus beanProperty_Bogus0 = new BeanProperty.Bogus();
    JsonParserSequence jsonParserSequence0 = JsonParserSequence.createFlattened(true, jsonParser0, jsonParser0);
    Class<MockDateFormat> class0 = MockDateFormat.class;
    defaultDeserializationContext0.readPropertyValue((JsonParser) jsonParserSequence0, (BeanProperty) beanProperty_Bogus0, class0);
},ERROR,com.github.javaparser.resolution.UnsolvedSymbolException,Unsolved symbol : MockDateFormat
com.fasterxml.jackson.databind.DeserializationContext,@Test(timeout = 4000)
public void test2525() throws Throwable {
    ObjectMapper objectMapper0 = new ObjectMapper();
    DeserializationContext deserializationContext0 = objectMapper0.getDeserializationContext();
    Class<SimpleObjectIdResolver> class0 = SimpleObjectIdResolver.class;
    deserializationContext0.instantiationException(class0, ""com.fasterxml.jackson.databind.SerializationFeature"");
},WARNING,java.lang.IllegalStateException,[WARNING] - Some parameters are not matched in the method call. Check if it is a false or true positive.
com.fasterxml.jackson.databind.DeserializationContext,@Test(timeout = 4000)
public void test2626() throws Throwable {
    BeanDeserializerFactory beanDeserializerFactory0 = BeanDeserializerFactory.instance;
    DefaultDeserializationContext.Impl defaultDeserializationContext_Impl0 = new DefaultDeserializationContext.Impl(beanDeserializerFactory0);
    Class<TypeIdResolver> class0 = TypeIdResolver.class;
    JsonToken jsonToken0 = JsonToken.VALUE_STRING;
    defaultDeserializationContext_Impl0.reportWrongTokenException(class0, jsonToken0, ""[PrefixTransformer('"", (Object[]) null);
},ERROR,java.util.NoSuchElementException,[ERROR] - Multiple candidate methods/constructors found. Impossible to discern the focal method.
com.fasterxml.jackson.databind.DeserializationContext,@Test(timeout = 4000)
public void test3333() throws Throwable {
    ObjectMapper objectMapper0 = new ObjectMapper();
    DeserializationContext deserializationContext0 = objectMapper0.getDeserializationContext();
    Class<Void> class0 = Void.class;
    JsonToken jsonToken0 = JsonToken.NOT_AVAILABLE;
    deserializationContext0.wrongTokenException((JsonParser) null, class0, jsonToken0, ""problem handler tried to resolve into non-subtype: "");
},ERROR,java.util.NoSuchElementException,[ERROR] - Multiple candidate methods/constructors found. Impossible to discern the focal method.
com.fasterxml.jackson.databind.DeserializationContext,@Test(timeout = 4000)
public void test4041() throws Throwable {
    DefaultDeserializationContext.Impl defaultDeserializationContext_Impl0 = null;
    defaultDeserializationContext_Impl0 = new DefaultDeserializationContext.Impl((DeserializerFactory) null);
},ERROR,java.nio.file.NoSuchFileException,/home/star_usit_group/tratto/experiment/generator/resources/defects4j/temp/JacksonDatabind_103b/src/main/java/com/fasterxml/jackson/databind/deser/DefaultDeserializationContext/Impl.java
com.fasterxml.jackson.databind.DeserializationContext,@Test(timeout = 4000)
public void test4142() throws Throwable {
    ObjectMapper objectMapper0 = new ObjectMapper();
    Class<AbstractDeserializer> class0 = AbstractDeserializer.class;
    ObjectReader objectReader0 = objectMapper0.readerWithView(class0);
    JsonNodeFactory jsonNodeFactory0 = JsonNodeFactory.withExactBigDecimals(false);
    HashMap<String, JsonNode> hashMap0 = new HashMap<String, JsonNode>();
    ObjectNode objectNode0 = new ObjectNode(jsonNodeFactory0, hashMap0);
    ArrayNode arrayNode0 = objectNode0.putArray(""FAIL_ON_UNWRAPPED_TYPE_IDENTIFIERS"");
    JsonParser jsonParser0 = arrayNode0.traverse();
    Class<MockDateFormat> class1 = MockDateFormat.class;
    objectReader0.readValue(jsonParser0, class1);
},ERROR,com.github.javaparser.resolution.UnsolvedSymbolException,Unsolved symbol : MockDateFormat
com.fasterxml.jackson.databind.DeserializationContext,@Test(timeout = 4000)
public void test7078() throws Throwable {
    ObjectMapper objectMapper0 = new ObjectMapper();
    DeserializationProblemHandler deserializationProblemHandler0 = mock(DeserializationProblemHandler.class, new ViolatedAssumptionAnswer());
    doReturn((Object) null).when(deserializationProblemHandler0).handleMissingInstantiator(any(com.fasterxml.jackson.databind.DeserializationContext.class), any(java.lang.Class.class), any(com.fasterxml.jackson.databind.deser.ValueInstantiator.class), any(com.fasterxml.jackson.core.JsonParser.class), anyString());
    objectMapper0.addHandler(deserializationProblemHandler0);
    ObjectReader objectReader0 = objectMapper0.reader();
    BooleanNode booleanNode0 = BooleanNode.getTrue();
    Class<ResolvedRecursiveType> class0 = ResolvedRecursiveType.class;
    ResolvedRecursiveType resolvedRecursiveType0 = objectReader0.treeToValue((TreeNode) booleanNode0, class0);
},WARNING,java.lang.IllegalStateException,[WARNING] - The last statement of the test is part of another class with respect to the class under test. Check if the focal method is correct.
com.fasterxml.jackson.databind.DeserializationContext,@Test(timeout = 4000)
public void test8190() throws Throwable {
    DeserializerFactoryConfig deserializerFactoryConfig0 = new DeserializerFactoryConfig();
    BeanDeserializerFactory beanDeserializerFactory0 = new BeanDeserializerFactory(deserializerFactoryConfig0);
    DefaultDeserializationContext.Impl defaultDeserializationContext_Impl0 = new DefaultDeserializationContext.Impl(beanDeserializerFactory0);
    BeanProperty.Bogus beanProperty_Bogus0 = new BeanProperty.Bogus();
    Object[] objectArray0 = new Object[6];
    defaultDeserializationContext_Impl0.reportInputMismatch((BeanProperty) beanProperty_Bogus0, ""|JZ("", objectArray0);
},WARNING,java.lang.IllegalStateException,[WARNING] - Some parameters are not matched in the method call. Check if it is a false or true positive.
com.fasterxml.jackson.databind.DeserializationContext,@Test(timeout = 4000)
public void test8291() throws Throwable {
    BeanDeserializerFactory beanDeserializerFactory0 = BeanDeserializerFactory.instance;
    DefaultDeserializationContext.Impl defaultDeserializationContext_Impl0 = new DefaultDeserializationContext.Impl(beanDeserializerFactory0);
    Object[] objectArray0 = new Object[9];
    defaultDeserializationContext_Impl0.reportInputMismatch((BeanProperty) null, ""Could not find JsonDeserializer for type %s (via property %s)"", objectArray0);
},WARNING,java.lang.IllegalStateException,[WARNING] - Some parameters are not matched in the method call. Check if it is a false or true positive.
