com.fasterxml.jackson.databind.jsontype.impl.TypeDeserializerBase,@Test(timeout = 4000)
public void test056() throws Throwable {
    AsWrapperTypeDeserializer asWrapperTypeDeserializer0 = new AsWrapperTypeDeserializer((JavaType) null, (TypeIdResolver) null, ""oIu/6"", true, (JavaType) null);
    BeanDeserializerFactory beanDeserializerFactory0 = BeanDeserializerFactory.instance;
    JsonFactory jsonFactory0 = new JsonFactory();
    JsonParser jsonParser0 = jsonFactory0.createParser(""oIu/6"");
    DefaultDeserializationContext.Impl defaultDeserializationContext_Impl0 = new DefaultDeserializationContext.Impl(beanDeserializerFactory0);
    asWrapperTypeDeserializer0.deserializeTypedFromArray(jsonParser0, defaultDeserializationContext_Impl0);
},WARNING,java.lang.IllegalStateException,[WARNING] - The last statement of the test is part of another class with respect to the class under test. Check if the focal method is correct.
com.fasterxml.jackson.databind.jsontype.impl.TypeDeserializerBase,@Test(timeout = 4000)
public void test1113() throws Throwable {
    JavaType javaType0 = TypeFactory.unknownType();
    AsWrapperTypeDeserializer asWrapperTypeDeserializer0 = new AsWrapperTypeDeserializer(javaType0, (TypeIdResolver) null, ""d`D|"", false, javaType0);
    Class<CoreXMLDeserializers.Std> class0 = CoreXMLDeserializers.Std.class;
    CoreXMLDeserializers.Std coreXMLDeserializers_Std0 = new CoreXMLDeserializers.Std(class0, 0);
    asWrapperTypeDeserializer0._defaultImplDeserializer = (JsonDeserializer<Object>) coreXMLDeserializers_Std0;
    JsonDeserializer<Object> jsonDeserializer0 = asWrapperTypeDeserializer0._findDefaultImplDeserializer((DeserializationContext) null);
    jsonDeserializer0.getEmptyAccessPattern();
},WARNING,java.lang.IllegalStateException,[WARNING] - The last statement of the test is part of another class with respect to the class under test. Check if the focal method is correct.
