com.google.javascript.jscomp.PrepareAst,@Test(timeout = 4000)
public void test00() throws Throwable {
    Compiler compiler0 = new Compiler();
    Node node0 = compiler0.parseTestCode(""vZ0bc$RRC"");
    PrepareAst prepareAst0 = new PrepareAst(compiler0, true);
    prepareAst0.process(node0, node0);
    node0.isWhile();
},WARNING,java.lang.IllegalStateException,[WARNING] - The last statement of the test is part of another class with respect to the class under test. Check if the focal method is correct.
com.google.javascript.jscomp.PrepareAst,@Test(timeout = 4000)
public void test22() throws Throwable {
    Compiler compiler0 = new Compiler();
    Node node0 = Node.newString(108, ""i)=mbX|RwV1q:"", 108, 108);
    PrepareAst prepareAst0 = new PrepareAst(compiler0, true);
    Node node1 = new Node(108, node0);
    prepareAst0.process(node0, node1);
    node1.isDelProp();
},WARNING,java.lang.IllegalStateException,[WARNING] - The last statement of the test is part of another class with respect to the class under test. Check if the focal method is correct.
com.google.javascript.jscomp.PrepareAst,@Test(timeout = 4000)
public void test33() throws Throwable {
    Compiler compiler0 = new Compiler();
    compiler0.parseTestCode(""vZ0bc$RRC"");
    compiler0.ensureLibraryInjected(""vZ0bc$RRC"");
},WARNING,java.lang.IllegalStateException,[WARNING] - The last statement of the test is part of another class with respect to the class under test. Check if the focal method is correct.
com.google.javascript.jscomp.PrepareAst,@Test(timeout = 4000)
public void test44() throws Throwable {
    Compiler compiler0 = new Compiler();
    Node node0 = compiler0.parseTestCode(""A function call cannot be of the form: new Object.call()"");
    PrepareAst prepareAst0 = new PrepareAst(compiler0);
    Node node1 = new Node(37, node0, node0, 0, 52);
    prepareAst0.process(node1, node1);
    node1.hasMoreThanOneChild();
},WARNING,java.lang.IllegalStateException,[WARNING] - The last statement of the test is part of another class with respect to the class under test. Check if the focal method is correct.
com.google.javascript.jscomp.PrepareAst,@Test(timeout = 4000)
public void test55() throws Throwable {
    PrepareAst.PrepareAnnotations prepareAst_PrepareAnnotations0 = new PrepareAst.PrepareAnnotations();
    NodeTraversal nodeTraversal0 = new NodeTraversal((AbstractCompiler) null, prepareAst_PrepareAnnotations0);
    Node node0 = new Node(105);
    prepareAst_PrepareAnnotations0.visit(nodeTraversal0, node0, node0);
},ERROR,java.nio.file.NoSuchFileException,/home/star_usit_group/tratto/experiment/generator/resources/defects4j/temp/Closure_129b/src/com/google/javascript/jscomp/PrepareAst/PrepareAnnotations.java
