org.apache.commons.math.ode.nonstiff.EmbeddedRungeKuttaIntegrator,@Test(timeout = 4000)
public void test0410() throws Throwable {
    double[] doubleArray0 = new double[0];
    DormandPrince54Integrator dormandPrince54Integrator0 = new DormandPrince54Integrator(0.10379679501056671, 0.10379679501056671, doubleArray0, doubleArray0);
    double[][] doubleArray1 = new double[3][0];
    SecondOrderDifferentialEquations secondOrderDifferentialEquations0 = mock(SecondOrderDifferentialEquations.class, new ViolatedAssumptionAnswer());
    doReturn(0).when(secondOrderDifferentialEquations0).getDimension();
    FirstOrderConverter firstOrderConverter0 = new FirstOrderConverter(secondOrderDifferentialEquations0);
    // Undeclared exception!
    dormandPrince54Integrator0.integrate((FirstOrderDifferentialEquations) firstOrderConverter0, (-32.795504), doubleArray0, 0.10379679501056671, doubleArray1[0]);
},WARNING,java.lang.IllegalStateException,[WARNING] - The last statement of the test is part of another class with respect to the class under test. Check if the focal method is correct.
org.apache.commons.math.ode.nonstiff.EmbeddedRungeKuttaIntegrator,@Test(timeout = 4000)
public void test1218() throws Throwable {
    DormandPrince54Integrator dormandPrince54Integrator0 = new DormandPrince54Integrator((-676.5445304058), (-676.5445304058), 0.0, 687.0788934394282);
    dormandPrince54Integrator0.getOrder();
},WARNING,java.lang.IllegalStateException,[WARNING] - The last statement of the test is part of another class with respect to the class under test. Check if the focal method is correct.
