org.apache.commons.lang3.text.translate.LookupTranslator,@Test(timeout = 4000)
public void test78() throws Throwable {
    CharSequence[] charSequenceArray0 = new CharSequence[13];
    StringWriter stringWriter0 = new StringWriter();
    StringBuffer stringBuffer0 = stringWriter0.getBuffer();
    charSequenceArray0[0] = (CharSequence) stringBuffer0;
    CharBuffer charBuffer0 = CharBuffer.allocate(0);
    CharSequence[] charSequenceArray1 = new CharSequence[30];
    charSequenceArray1[0] = (CharSequence) ""0"";
    charSequenceArray1[1] = (CharSequence) charBuffer0;
    charSequenceArray1[4] = (CharSequence) ""0"";
    CharSequence[][] charSequenceArray2 = new CharSequence[2][1];
    charSequenceArray2[0] = charSequenceArray0;
    charSequenceArray2[1] = charSequenceArray1;
    LookupTranslator lookupTranslator0 = new LookupTranslator(charSequenceArray2);
    int int0 = lookupTranslator0.translate(charSequenceArray1[4], 0, (Writer) stringWriter0);
    stringWriter0.toString();
},ERROR,java.nio.file.NoSuchFileException,/home/star_usit_group/tratto/experiment/generator/resources/defects4j/temp/Lang_4b/src/main/java/java/io/StringWriter.java
