com.google.javascript.jscomp.RenameVars,@Test(timeout = 4000)
public void test000() throws Throwable {
    Compiler compiler0 = new Compiler();
    CompilerOptions compilerOptions0 = compiler0.getOptions();
    char[] charArray0 = new char[11];
    NameAnonymousFunctionsMapped nameAnonymousFunctionsMapped0 = new NameAnonymousFunctionsMapped(compiler0);
    VariableMap variableMap0 = nameAnonymousFunctionsMapped0.getFunctionMap();
    RenameVars renameVars0 = new RenameVars(compiler0, (String) null, false, true, false, variableMap0, charArray0, compilerOptions0.aliasableStrings);
    JSSourceFile jSSourceFile0 = JSSourceFile.fromFile("""", (Charset) null);
    RenameVars.ProcessVars renameVars_ProcessVars0 = renameVars0.new ProcessVars(false);
    CompilerInput compilerInput0 = new CompilerInput(jSSourceFile0);
    renameVars_ProcessVars0.incCount("""", compilerInput0);
    Node node0 = Node.newString(""wT8-q64:02hn!B!%"");
    Node node1 = compiler0.parseTestCode(""Q<Uz^QD8"");
    renameVars0.process(node0, node1);
    renameVars0.process(node1, node1);
    node1.getChildCount();
},WARNING,java.lang.IllegalStateException,[WARNING] - The last statement of the test is part of another class with respect to the class under test. Check if the focal method is correct.
com.google.javascript.jscomp.RenameVars,@Test(timeout = 4000)
public void test022() throws Throwable {
    Compiler compiler0 = new Compiler();
    char[] charArray0 = new char[3];
    Locale locale0 = Locale.KOREA;
    Set<String> set0 = locale0.getUnicodeLocaleAttributes();
    RenameVars renameVars0 = new RenameVars(compiler0, ""i"", false, false, false, (VariableMap) null, charArray0, set0);
    MockFile mockFile0 = new MockFile("",2$80wZmRb9w"", ""`D,8Ez2tO#1\"" j:"");
    JSSourceFile jSSourceFile0 = JSSourceFile.fromFile((File) mockFile0);
    CompilerInput compilerInput0 = new CompilerInput(jSSourceFile0, false);
    RenameVars.Assignment renameVars_Assignment0 = renameVars0.new Assignment(""i"", compilerInput0);
    renameVars_Assignment0.setNewName(""getParamCount"");
    renameVars_Assignment0.setNewName("")=eJBK;9R"");
},ERROR,java.nio.file.NoSuchFileException,/home/star_usit_group/tratto/experiment/generator/resources/defects4j/temp/Closure_136b/src/com/google/javascript/jscomp/RenameVars/Assignment.java
com.google.javascript.jscomp.RenameVars,@Test(timeout = 4000)
public void test055() throws Throwable {
    Compiler compiler0 = new Compiler();
    CompilerOptions compilerOptions0 = new CompilerOptions();
    char[] charArray0 = new char[3];
    SourceFile.Preloaded sourceFile_Preloaded0 = new SourceFile.Preloaded("""", (String) null, ""is_dispatcher"");
    JsAst jsAst0 = new JsAst(sourceFile_Preloaded0);
    RenameVars renameVars0 = new RenameVars(compiler0, (String) null, true, false, false, (VariableMap) null, charArray0, compilerOptions0.stripNameSuffixes);
    ScriptOrFnNode scriptOrFnNode0 = (ScriptOrFnNode) jsAst0.getAstRoot(compiler0);
    renameVars0.process(scriptOrFnNode0, scriptOrFnNode0);
    scriptOrFnNode0.getEndLineno();
},WARNING,java.lang.IllegalStateException,[WARNING] - The last statement of the test is part of another class with respect to the class under test. Check if the focal method is correct.
com.google.javascript.jscomp.RenameVars,@Test(timeout = 4000)
public void test077() throws Throwable {
    Compiler compiler0 = new Compiler();
    CompilerOptions compilerOptions0 = compiler0.getOptions();
    char[] charArray0 = new char[11];
    NameAnonymousFunctionsMapped nameAnonymousFunctionsMapped0 = new NameAnonymousFunctionsMapped(compiler0);
    VariableMap variableMap0 = nameAnonymousFunctionsMapped0.getFunctionMap();
    RenameVars renameVars0 = new RenameVars(compiler0, (String) null, false, true, false, variableMap0, charArray0, compilerOptions0.aliasableStrings);
    JSSourceFile jSSourceFile0 = JSSourceFile.fromFile("""", (Charset) null);
    RenameVars.ProcessVars renameVars_ProcessVars0 = renameVars0.new ProcessVars(false);
    CompilerInput compilerInput0 = new CompilerInput(jSSourceFile0);
    renameVars_ProcessVars0.incCount("""", compilerInput0);
    renameVars_ProcessVars0.incCount("""", compilerInput0);
    Node node0 = Node.newString(""wT8-q64:02hn!B!%"");
    Node node1 = compiler0.parseTestCode(""Q<Uz^QD8"");
    renameVars_ProcessVars0.incCount("" ="", compilerInput0);
    renameVars0.process(node1, node0);
    node1.getChildCount();
},WARNING,java.lang.IllegalStateException,[WARNING] - The last statement of the test is part of another class with respect to the class under test. Check if the focal method is correct.
com.google.javascript.jscomp.RenameVars,@Test(timeout = 4000)
public void test099() throws Throwable {
    Compiler compiler0 = new Compiler();
    CompilerOptions compilerOptions0 = compiler0.createDefaultOptions();
    char[] charArray0 = new char[4];
    NameAnonymousFunctionsMapped nameAnonymousFunctionsMapped0 = new NameAnonymousFunctionsMapped(compiler0);
    VariableMap variableMap0 = nameAnonymousFunctionsMapped0.getFunctionMap();
    RenameVars renameVars0 = new RenameVars(compiler0, (String) null, false, false, false, variableMap0, charArray0, compilerOptions0.aliasableStrings);
    JSSourceFile jSSourceFile0 = JSSourceFile.fromFile("""", (Charset) null);
    RenameVars.ProcessVars renameVars_ProcessVars0 = renameVars0.new ProcessVars(false);
    CompilerInput compilerInput0 = new CompilerInput(jSSourceFile0);
    renameVars_ProcessVars0.incCount(""L Ncgcm>eFoPL+&>o%Ew"", compilerInput0);
    ScriptOrFnNode scriptOrFnNode0 = (ScriptOrFnNode) compiler0.parseTestCode("""");
    renameVars0.process(scriptOrFnNode0, scriptOrFnNode0);
    scriptOrFnNode0.getSourceName();
},WARNING,java.lang.IllegalStateException,[WARNING] - The last statement of the test is part of another class with respect to the class under test. Check if the focal method is correct.
