org.apache.commons.compress.archivers.ArchiveStreamFactory,@Test(timeout = 4000)
public void test055() throws Throwable {
    ArchiveStreamFactory archiveStreamFactory0 = new ArchiveStreamFactory();
    FileDescriptor fileDescriptor0 = new FileDescriptor();
    MockFileInputStream mockFileInputStream0 = new MockFileInputStream(fileDescriptor0);
    mockFileInputStream0.skip((-2080L));
},ERROR,java.util.NoSuchElementException,[ERROR] - Focal method not found. No candidate methods found in the original class, analyzing both the name and the number of parameters.
org.apache.commons.compress.archivers.ArchiveStreamFactory,@Test(timeout = 4000)
public void test077() throws Throwable {
    ArchiveStreamFactory archiveStreamFactory0 = new ArchiveStreamFactory("""");
    archiveStreamFactory0.getEntryEncoding();
    String string0 = null;
    Enumeration<InputStream> enumeration0 = (Enumeration<InputStream>) mock(Enumeration.class, new ViolatedAssumptionAnswer());
    String string1 = ""(+(y\\?l!oHH="";
    MockPrintStream mockPrintStream0 = new MockPrintStream(""cpio"");
    Object[] objectArray0 = new Object[5];
    objectArray0[0] = (Object) """";
    objectArray0[1] = (Object) null;
    objectArray0[2] = (Object) enumeration0;
    objectArray0[3] = (Object) null;
    objectArray0[4] = (Object) ""(+(y?l!oHH="";
    mockPrintStream0.printf((Locale) null, (String) null, objectArray0);
},ERROR,java.util.NoSuchElementException,[ERROR] - Focal method not found. No candidate methods found in the original class, analyzing both the name and the number of parameters.
org.apache.commons.compress.archivers.ArchiveStreamFactory,@Test(timeout = 4000)
public void test2626() throws Throwable {
    ArchiveStreamFactory archiveStreamFactory0 = new ArchiveStreamFactory();
    PipedOutputStream pipedOutputStream0 = new PipedOutputStream();
    PipedInputStream pipedInputStream0 = new PipedInputStream(pipedOutputStream0);
    archiveStreamFactory0.createArchiveInputStream(""cpio"", (InputStream) pipedInputStream0);
    String string0 = ""\""YcRu=7"";
    String string1 = ""Unimplemented"";
    URI uRI0 = MockURI.URI(""Unimplemented"");
    URI uRI1 = MockURI.relativize(uRI0, uRI0);
    MockFile mockFile0 = null;
    mockFile0 = new MockFile(uRI1);
},ERROR,java.lang.ClassCastException,class com.github.javaparser.ast.expr.AssignExpr cannot be cast to class com.github.javaparser.ast.expr.MethodCallExpr (com.github.javaparser.ast.expr.AssignExpr and com.github.javaparser.ast.expr.MethodCallExpr are in unnamed module of loader 'app')
org.apache.commons.compress.archivers.ArchiveStreamFactory,@Test(timeout = 4000)
public void test2929() throws Throwable {
    ArchiveStreamFactory archiveStreamFactory0 = new ArchiveStreamFactory();
    PipedOutputStream pipedOutputStream0 = new PipedOutputStream();
    PipedInputStream pipedInputStream0 = new PipedInputStream(pipedOutputStream0);
    archiveStreamFactory0.setEntryEncoding(""KdJB87ac_wFD98U"");
    archiveStreamFactory0.createArchiveInputStream(""cpio"", (InputStream) pipedInputStream0);
    String string0 = ""\""YcRu=7"";
    String string1 = ""Unimplemented"";
    URI uRI0 = MockURI.URI(""Unimplemented"");
    URI uRI1 = MockURI.relativize(uRI0, uRI0);
    MockFile mockFile0 = null;
    mockFile0 = new MockFile(uRI1);
},ERROR,java.lang.ClassCastException,class com.github.javaparser.ast.expr.AssignExpr cannot be cast to class com.github.javaparser.ast.expr.MethodCallExpr (com.github.javaparser.ast.expr.AssignExpr and com.github.javaparser.ast.expr.MethodCallExpr are in unnamed module of loader 'app')
