org.jsoup.helper.DataUtil,@Test(timeout = 4000)
public void test000() throws Throwable {
    File file0 = MockFile.createTempFile("")sY>=FL"", ""encoding"");
    MockFileInputStream mockFileInputStream0 = new MockFileInputStream(file0);
    ByteBuffer byteBuffer0 = DataUtil.readToByteBuffer(mockFileInputStream0);
    byteBuffer0.hasArray();
},ERROR,java.nio.file.NoSuchFileException,/home/star_usit_group/tratto/experiment/generator/resources/defects4j/temp/Jsoup_52b/src/main/java/java/nio/ByteBuffer.java
org.jsoup.helper.DataUtil,@Test(timeout = 4000)
public void test011() throws Throwable {
    MockFile mockFile0 = new MockFile(""A:="");
    File file0 = MockFile.createTempFile(""--------------------------------"", ""--------------------------------"", (File) mockFile0);
    ByteBuffer byteBuffer0 = DataUtil.readFileToByteBuffer(file0);
    byteBuffer0.hasRemaining();
},ERROR,java.nio.file.NoSuchFileException,/home/star_usit_group/tratto/experiment/generator/resources/defects4j/temp/Jsoup_52b/src/main/java/java/nio/Buffer.java
org.jsoup.helper.DataUtil,@Test(timeout = 4000)
public void test022() throws Throwable {
    byte[] byteArray0 = new byte[9];
    ByteArrayInputStream byteArrayInputStream0 = new ByteArrayInputStream(byteArray0);
    Document document0 = DataUtil.load((InputStream) byteArrayInputStream0, (String) null, ""%v{<"");
    document0.baseUri();
},WARNING,java.lang.IllegalStateException,[WARNING] - The last statement of the test is part of another class with respect to the class under test. Check if the focal method is correct.
org.jsoup.helper.DataUtil,@Test(timeout = 4000)
public void test2929() throws Throwable {
    byte[] byteArray0 = new byte[9];
    byteArray0[2] = (byte) 1;
    ByteArrayInputStream byteArrayInputStream0 = new ByteArrayInputStream(byteArray0);
    byteArrayInputStream0.read();
    Parser parser0 = Parser.htmlParser();
    Document document0 = DataUtil.load((InputStream) byteArrayInputStream0, (String) null, ""ap[=w"", parser0);
    document0.baseUri();
},WARNING,java.lang.IllegalStateException,[WARNING] - The last statement of the test is part of another class with respect to the class under test. Check if the focal method is correct.
org.jsoup.helper.DataUtil,@Test(timeout = 4000)
public void test3030() throws Throwable {
    byte[] byteArray0 = new byte[9];
    byteArray0[0] = (byte) (-74);
    ByteArrayInputStream byteArrayInputStream0 = new ByteArrayInputStream(byteArray0);
    Parser parser0 = Parser.htmlParser();
    Document document0 = DataUtil.load((InputStream) byteArrayInputStream0, (String) null, ""ap[=w"", parser0);
    document0.location();
},WARNING,java.lang.IllegalStateException,[WARNING] - The last statement of the test is part of another class with respect to the class under test. Check if the focal method is correct.
org.jsoup.helper.DataUtil,@Test(timeout = 4000)
public void test3636() throws Throwable {
    byte[] byteArray0 = new byte[6];
    ByteArrayInputStream byteArrayInputStream0 = new ByteArrayInputStream(byteArray0);
    ByteBuffer byteBuffer0 = DataUtil.readToByteBuffer(byteArrayInputStream0, 423);
    byteBuffer0.remaining();
},ERROR,java.nio.file.NoSuchFileException,/home/star_usit_group/tratto/experiment/generator/resources/defects4j/temp/Jsoup_52b/src/main/java/java/nio/Buffer.java
org.jsoup.helper.DataUtil,@Test(timeout = 4000)
public void test3838() throws Throwable {
    File file0 = MockFile.createTempFile(""c.bO}Xo"", ""c.bO}Xo"");
    Document document0 = DataUtil.load(file0, ""UTF-8"", ""UTF-8"");
    document0.childNodeSize();
},WARNING,java.lang.IllegalStateException,[WARNING] - The last statement of the test is part of another class with respect to the class under test. Check if the focal method is correct.
org.jsoup.helper.DataUtil,@Test(timeout = 4000)
public void test3939() throws Throwable {
    byte[] byteArray0 = new byte[8];
    ByteArrayInputStream byteArrayInputStream0 = new ByteArrayInputStream(byteArray0);
    ByteArrayOutputStream byteArrayOutputStream0 = new ByteArrayOutputStream();
    DataUtil.crossStreams(byteArrayInputStream0, byteArrayOutputStream0);
    byteArrayOutputStream0.size();
},ERROR,java.nio.file.NoSuchFileException,/home/star_usit_group/tratto/experiment/generator/resources/defects4j/temp/Jsoup_52b/src/main/java/java/io/ByteArrayOutputStream.java
org.jsoup.helper.DataUtil,@Test(timeout = 4000)
public void test3940() throws Throwable {
    byte[] byteArray0 = new byte[8];
    ByteArrayInputStream byteArrayInputStream0 = new ByteArrayInputStream(byteArray0);
    ByteArrayOutputStream byteArrayOutputStream0 = new ByteArrayOutputStream();
    DataUtil.crossStreams(byteArrayInputStream0, byteArrayOutputStream0);
    byteArrayOutputStream0.toString();
},ERROR,java.nio.file.NoSuchFileException,/home/star_usit_group/tratto/experiment/generator/resources/defects4j/temp/Jsoup_52b/src/main/java/java/io/ByteArrayOutputStream.java
