org.jsoup.helper.W3CDom,@Test(timeout = 4000)
public void test000() throws Throwable {
    W3CDom.W3CBuilder w3CDom_W3CBuilder0 = new W3CDom.W3CBuilder((Document) null);
    org.jsoup.nodes.Document document0 = Parser.parseBodyFragmentRelaxed(""xmlns:class"", "":nth-last-child("");
    Element element0 = document0.prependElement("":nth-last-child("");
    w3CDom_W3CBuilder0.head(element0, (-158656234));
},ERROR,java.nio.file.NoSuchFileException,/home/star_usit_group/tratto/experiment/generator/resources/defects4j/temp/Jsoup_84b/src/main/java/org/jsoup/helper/W3CDom/W3CBuilder.java
org.jsoup.helper.W3CDom,@Test(timeout = 4000)
public void test011() throws Throwable {
    W3CDom.W3CBuilder w3CDom_W3CBuilder0 = new W3CDom.W3CBuilder((Document) null);
    w3CDom_W3CBuilder0.tail((Node) null, 108);
},ERROR,java.nio.file.NoSuchFileException,/home/star_usit_group/tratto/experiment/generator/resources/defects4j/temp/Jsoup_84b/src/main/java/org/jsoup/helper/W3CDom/W3CBuilder.java
org.jsoup.helper.W3CDom,@Test(timeout = 4000)
public void test022() throws Throwable {
    DataNode dataNode0 = new DataNode("">-^m9ph'l[e]7"");
    W3CDom w3CDom0 = new W3CDom();
    org.jsoup.nodes.Document document0 = Parser.parse("">-^m9ph'l[e]7"", ""async"");
    Document document1 = w3CDom0.fromJsoup(document0);
    W3CDom.W3CBuilder w3CDom_W3CBuilder0 = new W3CDom.W3CBuilder(document1);
    w3CDom_W3CBuilder0.head(dataNode0, (-180264522));
},ERROR,java.nio.file.NoSuchFileException,/home/star_usit_group/tratto/experiment/generator/resources/defects4j/temp/Jsoup_84b/src/main/java/org/jsoup/helper/W3CDom/W3CBuilder.java
org.jsoup.helper.W3CDom,@Test(timeout = 4000)
public void test1111() throws Throwable {
    W3CDom.W3CBuilder w3CDom_W3CBuilder0 = new W3CDom.W3CBuilder((Document) null);
    org.jsoup.nodes.Document document0 = org.jsoup.nodes.Document.createShell(""7$ZhU<Fos3D;"");
    Tag tag0 = document0.tag();
    Attributes attributes0 = new Attributes();
    Attribute attribute0 = new Attribute(""xmlns:content"", ""7$ZhU<Fos3D;"", attributes0);
    Attributes attributes1 = attributes0.put(attribute0);
    FormElement formElement0 = new FormElement(tag0, ""7$ZhU<Fos3D;"", attributes1);
    w3CDom_W3CBuilder0.head(formElement0, 1698);
},ERROR,java.nio.file.NoSuchFileException,/home/star_usit_group/tratto/experiment/generator/resources/defects4j/temp/Jsoup_84b/src/main/java/org/jsoup/helper/W3CDom/W3CBuilder.java
org.jsoup.helper.W3CDom,@Test(timeout = 4000)
public void test1212() throws Throwable {
    org.jsoup.nodes.Document document0 = org.jsoup.nodes.Document.createShell(""5_"");
    W3CDom.W3CBuilder w3CDom_W3CBuilder0 = new W3CDom.W3CBuilder((Document) null);
    document0.attr(""xmlns"", ""<html>\n <head></head>\n <body></body>\n</html>"");
    w3CDom_W3CBuilder0.head(document0, (-16));
},ERROR,java.nio.file.NoSuchFileException,/home/star_usit_group/tratto/experiment/generator/resources/defects4j/temp/Jsoup_84b/src/main/java/org/jsoup/helper/W3CDom/W3CBuilder.java
org.jsoup.helper.W3CDom,@Test(timeout = 4000)
public void test1414() throws Throwable {
    W3CDom.W3CBuilder w3CDom_W3CBuilder0 = new W3CDom.W3CBuilder((Document) null);
    w3CDom_W3CBuilder0.head((Node) null, (-6));
},ERROR,java.nio.file.NoSuchFileException,/home/star_usit_group/tratto/experiment/generator/resources/defects4j/temp/Jsoup_84b/src/main/java/org/jsoup/helper/W3CDom/W3CBuilder.java
